vnf label,vnf min cpu,vnf min mem,vnf min sto,vnf vm cpu,vnf vm mem,vnf vm sto,vnf pm id,vnf cpu usage,vnf mem usage,vnf sto usage,vnf before,vnf after,vnf label,vnf min cpu,vnf min mem,vnf min sto,vnf vm cpu,vnf vm mem,vnf vm sto,vnf pm id,vnf cpu usage,vnf mem usage,vnf sto usage,vnf before,vnf after,sla,fg id,flow traffic,flow latency,flow bnd usage,flow packet loss,min cpu affinity,min mem affinity,min sto affinity,conflicts affinity,real_affinity,static_affinity,predicted_affinity
traffic counter.7.12764,0.097676301,0.041231598,0.001147548,0.1062,0.06677,0.0008221,38657667,15.992,10.096,2.056,firewall.3.12763,proxy.9.12765,proxy.9.12765,0.090246352,0.116594176,0.001196168,0.1062,0.06677,0.0008221,6566949,40.78,10.096,0.6568,traffic counter.7.12764,firewall.3.12766,8.751459086162278,752760242,0.35447576709846884,12.2605597821292,43.30040552576172,9.049362458697372,1.0,0.7863350567355955,0.7018375447633963,1.0,0.6270452598722748,0.8959832610169222,0.42998943974145143
proxy.9.224,0.071416409,0.017875437,0.000931148,0.0625,0.01398,0.0006723,294933861,16.406,1.715,4.772,ids.5.223,cache.8.225,cache.8.225,0.025104439,0.005573372,0.000686228,0.0625,0.01398,0.0006723,3514428408,18.896,1.77,4.058,proxy.9.224,ids.5.226,14.211767204526199,17109330,2.2880712277401227,4.733472658219984,29.582256597791208,0.18839482036590138,0.9375745075617006,0.8910393910929282,0.8508577533939055,1.0,0.7233666931106655,0.9427808509757456,0.49675812292183052
proxy.9.625,0.098275875,0.007269363,0.000591471,0.0625,0.02863,0.000309,372630443,10.18,4.388,0.4288,load balancer.1.624,ips.4.626,ips.4.626,0.044711816,0.015154004,0.000300092,0.0625,0.02863,0.000309,6641400,28.96,4.426,0.5142,proxy.9.625,ids.5.627,46.97674371719688,192299653,8.881059300069158,7.464669670554269,10.589463256097336,3.7698919643179285,0.8179824143005595,1.0,0.7612131448541011,1.0,0.9087773349270777,0.917962787058764,0.72892750266759099
traffic counter.7.81,0.363663845,0.008594581,6.18e-05,0.1875,0.0159,7.06e-05,38655581,10.108,2.43,3.356,traffic counter.7.80,nat.6.82,nat.6.82,0.158916996,0.013077611,7.09e-05,0.1875,0.0159,7.06e-05,344595418,17.48,2.334,4.986,traffic counter.7.81,firewall.3.83,36.058848655349344,3418442,3.622058493444417,35.70390193929248,14.901517209876904,4.004256293656022,0.757793017614935,1.0,0.9978843441466854,1.0,0.48723022238872926,0.949105529543106,0.71257107105189355
proxy.9.647,6.19e-05,0.005571171,0.000237813,0.0625,0.02863,0.000309,336048559,13.476,4.498,1.4572,dpi.2.646,cache.8.648,cache.8.648,0.060475439,0.025704071,1.57e-07,0.0625,0.02863,0.000309,1650130756,18.116,4.432,0.5996,proxy.9.647,firewall.3.650,46.97674371719688,192299653,3.6977980752489206,41.98557557525404,49.046400294012,6.583421387034315,1.0,1.0,1.0,1.0,0.6286795203833239,1.0,0.7322978613816693
dpi.2.123,0.114385198,0.014191966,0.000475367,0.0625,0.01398,0.0006723,1199483113,22.82,1.7884,3.998,cache.8.122,dpi.2.124,dpi.2.124,0.065428467,0.023550624,0.000189692,0.0625,0.01398,0.0006723,1096465,19.702,1.7792,5.604,dpi.2.123,dpi.2.125,14.211767204526199,17109330,5.856475903300494,40.94871032607713,43.915913258176694,1.8148884163661527,0.7508205341081673,0.789339605522131,1.0,1.0,0.3370431607320947,0.9092620121958825,0.82319889655386791
firewall.3.682,0.075940635,0.014959947,0.000141994,0.0625,0.02863,0.000309,1272042,21.06,4.328,0.4714,proxy.9.681,ids.5.684,ids.5.684,0.098857666,0.033842197,0.000425299,0.0625,0.02863,0.000309,3181310997,19.848,4.37,0.457,firewall.3.682,proxy.9.685,46.97674371719688,192299653,6.692077193686825,46.59511699935493,4.748510822969787,9.168064136931402,0.7276166890987191,0.9229926325409665,0.8632738379351939,1.0,0.32351695656609697,0.906870003996192,0.74518717747269703
dpi.2.12883,0.053879964,0.054416989,0.000754153,0.1062,0.06677,0.0008221,82739460,34.72,10.058,0.7858,ips.4.12882,traffic counter.7.12884,traffic counter.7.12884,0.040073013,0.109905454,0.000207408,0.1062,0.06677,0.0008221,3306138990,37.4,10.034,1.0148,dpi.2.12883,firewall.3.12886,8.751459086162278,752760242,0.8395592140878227,22.5899927209213,28.941964035100618,8.016643751462016,1.0,0.8037610854143781,1.0,1.0,0.6203642277237587,0.9608992782371892,1.0029986478065915
load balancer.1.12781,0.03377209,0.065108204,0.00106702,0.1062,0.06677,0.0008221,486707,14.746,9.924,0.357,ips.4.12780,cache.8.12782,cache.8.12782,0.09226683,0.084132276,0.000139332,0.1062,0.06677,0.0008221,4868193536,13.038,10.07,0.7996,load balancer.1.12781,ips.4.12783,8.751459086162278,752760242,7.00751723685374,32.04357631314621,28.129685069959315,5.853779161805056,1.0,0.8968156049885063,0.8852317669771887,1.0,0.2591373009245342,0.960814141792025,0.75223923347881505
nat.6.12852,0.165085121,0.05158447,0.001524982,0.1062,0.06677,0.0008221,1340515,30.46,10.084,1.3,firewall.3.12851,ips.4.12853,ips.4.12853,0.123847145,0.04286962,0.001133897,0.1062,0.06677,0.0008221,603107,28.42,10.73,1.0148,nat.6.12852,traffic counter.7.12854,8.751459086162278,752760242,0.12259168075711924,4.280746072302644,21.945469599874766,1.965659564519684,0.7504065789067949,1.0,0.6320550457293614,1.0,0.6384670740194823,0.8677101288085327,0.20818380159806904
nat.6.202,0.077000617,0.024161322,0.001335118,0.0625,0.01398,0.0006723,257409864,21.36,1.7242,2.856,ids.5.201,dpi.2.203,dpi.2.203,0.019776561,0.011020107,0.000435091,0.0625,0.01398,0.0006723,38742358,22.6,1.8006,4.474,nat.6.202,cache.8.204,14.211767204526199,17109330,7.0950080045591175,25.608371140078457,14.406758860349404,1.378141694615752,0.905840903846264,0.7893053616850932,0.751775498495264,1.0,0.2493879789082832,0.8953796952493092,0.38994073801628071
ips.4.254,0.001301771,0.016365734,0.001116193,0.0625,0.01398,0.0006723,610492276,20.48,1.5748,5.102,traffic counter.7.253,dpi.2.255,dpi.2.255,0.106001454,0.001094177,0.001228402,0.0625,0.01398,0.0006723,1273131,20.48,1.8036,5.17,ips.4.254,nat.6.256,14.211767204526199,17109330,7.3772797807439865,10.987242755782262,21.719955421047917,1.098748918801049,0.7948072768888623,0.9271119156647664,0.5748057986180987,1.0,0.7193630390711712,0.8478764062432946,0.52147286375311697
traffic counter.7.80,0.226262456,0.01797803,0.000119742,0.1875,0.0159,7.06e-05,318418982,8.252,2.338,3.442,,traffic counter.7.81,traffic counter.7.81,0.363663845,0.008594581,6.18e-05,0.1875,0.0159,7.06e-05,38655581,10.108,2.43,3.356,traffic counter.7.80,nat.6.82,36.058848655349344,3418442,9.323341488146392,33.359947199404125,33.602579512894856,2.1982701725634812,0.6721348472643047,0.9422064041499543,0.7948004877152544,1.0,0.4757185976603632,0.8814050876060268,0.72971985226157643
nat.6.64,0.239492142,0.161139829,0.000814365,0.1875,0.09106,0.0008287,6567284,20.66,16.43,0.4288,,nat.6.65,nat.6.65,0.257776106,0.12525189,0.001536496,0.1875,0.09106,0.0008287,410058079,22.14,16.382,0.9292,nat.6.64,ids.5.66,37.80843426285075,3418405,9.697702523986841,13.513491815252287,26.254867801288476,4.237786557603258,0.755141048104004,0.646057124608899,0.7696720329893472,1.0,0.8588660363961993,0.8366612289303031,0.7051803617987813
firewall.3.12905,0.132176593,0.077910253,0.001456462,0.1062,0.06677,0.0008221,204232816,14.014,10.206,1.4572,proxy.9.12904,proxy.9.12906,proxy.9.12906,0.045087348,0.111988316,0.000749454,0.1062,0.06677,0.0008221,1469260488,36.04,10.206,2.084,firewall.3.12905,traffic counter.7.12907,8.751459086162278,752760242,8.113975926404771,43.39966805051117,57.12183590141366,5.789779618468711,0.901735275473472,0.726617317010471,0.7822250082734736,1.0,0.170742446874165,0.88709922092763,0.24715575591743555
dpi.2.474,0.060673514,0.004065196,0.000215853,0.0625,0.02863,0.000309,3231094147,11.828,4.334,0.2858,dpi.2.473,proxy.9.476,proxy.9.476,0.106152389,0.030267101,0.000331164,0.0625,0.02863,0.000309,97958435,42.14,4.376,0.3998,dpi.2.474,ids.5.477,46.97674371719688,192299653,6.812401948393163,0.7040629762812056,39.069989897714265,3.557523707645034,0.7943880989809848,0.9729557680466325,0.9665362177048229,1.0,0.8156461322888215,0.9491795249307136,0.72971372196167006
cache.8.187,0.11379411,0.005910196,2.1e-05,0.0625,0.01398,0.0006723,336037219,22.8,1.6602,5.542,cache.8.186,nat.6.188,nat.6.188,0.050275447,0.026351671,0.0001215,0.0625,0.01398,0.0006723,930733447,17.31,1.7822,3.814,cache.8.187,ids.5.189,14.211767204526199,17109330,7.555662600503799,28.677392467422173,44.40112901393936,5.297920525692168,0.7746187829932498,0.765258320810092,1.0,1.0,0.2148430279121833,0.9094070133530574,0.44017012544944834
cache.8.581,0.042377718,0.016171284,0.000421899,0.0625,0.02863,0.000309,4302623190,14.112,4.548,0.486,ips.4.580,ids.5.584,ids.5.584,0.085155024,0.000806293,0.000402421,0.0625,0.02863,0.000309,2097465628,14.722,3.71,0.2286,cache.8.581,load balancer.1.586,46.97674371719688,192299653,3.8019672632889923,47.95922001072356,47.95329639551897,8.246905285028195,0.866977760466605,1.0,0.7501276755851265,1.0,0.4655091891568248,0.9249925802235964,0.73517085724854181
nat.6.12757,0.03007068,0.025836572,0.000297346,0.125,0.05566,0.0001926,400501108,43.36,7.104,0.7432,load balancer.1.12756,dpi.2.12758,dpi.2.12758,0.209112631,0.019154119,7.42e-05,0.125,0.05566,0.0001926,711943,28.08,6.982,0.3716,nat.6.12757,nat.6.12759,23.356712080241554,752502434,8.073572854057275,34.81934439939101,37.84151588533581,4.124813878952702,0.7988819934076579,1.0,0.8238651268219516,1.0,0.1332181044721325,0.9279966993527233,0.56104615722655971
ids.5.85,0.071771602,0.012423539,0.000106726,0.1875,0.0159,7.06e-05,1095481,9.106,2.334,2.442,firewall.3.84,traffic counter.7.86,traffic counter.7.86,0.358973994,0.01243927,1.85e-05,0.1875,0.0159,7.06e-05,167553463,18.384,2.344,3.388,ids.5.85,dpi.2.87,36.058848655349344,3418442,4.858807099729908,2.7920249224482054,27.055345045382577,5.317851788754565,0.7611609798118133,1.0,0.8307535183554148,1.0,0.7924561642629213,0.9205971173085051,0.73640518910765085
load balancer.1.205,0.090125018,0.001635817,0.001136998,0.0625,0.01398,0.0006723,376293505,22.78,1.7884,4.212,cache.8.204,load balancer.1.206,load balancer.1.206,0.065276719,0.022149076,0.000763483,0.0625,0.01398,0.0006723,711588,23.74,1.6388,5.188,load balancer.1.205,nat.6.207,14.211767204526199,17109330,2.820128279134363,10.359220760953136,53.76512300825927,0.03304799277312531,0.8254717378220096,0.8155887857353508,0.7359318104881041,1.0,0.6609033825602078,0.8828257543061677,0.3993739802989984
cache.8.39,0.04303355,0.13599717,0.000583626,0.1875,0.08948,0.0008287,294771706,30.96,16.138,0.5432,,traffic counter.7.40,traffic counter.7.40,0.085092007,0.095241037,0.000569906,0.1875,0.08948,0.0008287,336030391,26.66,16.088,0.9292,cache.8.39,traffic counter.7.41,41.90044922980542,3418356,5.9614156994285326,1.4871471579466333,55.489796704522554,9.492048365017325,1.0,0.7987329238262091,1.0,1.0,0.7546249507359686,0.9596955159137591,0.72116841802188447
nat.6.1225,0.08203897,0.026941343,0.000184909,0.1313,0.02057,0.0001392,2274273590,32.52,3.204,4.432,ids.5.1224,proxy.9.1226,proxy.9.1226,0.189629739,0.023612467,0.000110236,0.1313,0.02057,0.0001392,431039579,30.52,3.296,6.556,nat.6.1225,ids.5.1227,12.967425888139505,331416465,6.424803508165965,19.920936648587322,29.57733544965562,3.999483759213774,0.8462009722008845,0.8173302689290349,0.8764013649957547,1.0,0.27527112885274074,0.9165514021076029,0.50181528256669394
nat.6.12901,0.004246241,0.126709476,0.000356893,0.1062,0.06677,0.0008221,294924601,41.7,10.12,1.6144,dpi.2.12900,traffic counter.7.12902,traffic counter.7.12902,0.16483835,0.039460765,0.001048793,0.1062,0.06677,0.0008221,3099613254,35.98,10.278,1.77,nat.6.12901,dpi.2.12903,8.751459086162278,752760242,5.537721334381443,5.4058286869015095,9.545828583290813,3.4527288213912177,0.822133775301682,0.7634767426549851,0.8919267195719269,1.0,0.7922424730502293,0.9026203529568666,0.64005897706031933
load balancer.1.659,0.069083379,0.038824363,0.000279733,0.0625,0.02863,0.000309,317508382,18.676,4.406,0.5142,dpi.2.658,dpi.2.660,dpi.2.660,0.079055219,0.04383097,3.78e-05,0.0625,0.02863,0.000309,257388708,15.258,4.444,0.6286,load balancer.1.659,dpi.2.661,46.97674371719688,192299653,3.845872439187289,6.6202389748070525,22.51086854101812,1.6086223247188747,0.8476452528125495,0.6953073358891344,1.0,1.0,0.7616355745989671,0.9066249254677908,0.68169026167633562
nat.6.12725,0.006566336,0.002526496,1.46e-06,0.006248,0.001554,2.1e-05,38673904,0.02784,0.09422,0.014306,traffic counter.7.12723,ips.4.12726,ips.4.12726,0.002762867,0.00065204,2.58e-05,0.006248,0.001554,2.1e-05,82795413,0.0391,0.09156,0.014306,nat.6.12725,nat.6.12727,41.72542293536907,686717176,8.055196155714611,6.818898501521637,21.72081165676739,8.94633152555125,0.9757599976607959,0.8075405621065697,0.9069767441860465,1.0,0.8768292170228618,0.9425464276116101,0.73776971759142063
cache.8.184,0.06819996,0.013556148,0.000190335,0.0625,0.01398,0.0006723,431053017,21.46,1.7426,4.284,ips.4.183,cache.8.185,cache.8.185,0.073937698,0.027901049,3.92e-05,0.0625,0.01398,0.0006723,4232802794,19.58,1.9592,2.914,cache.8.184,cache.8.186,14.211767204526199,17109330,9.669067351627252,41.181812138595404,48.04526740610772,1.0474376715762512,0.8808645494101635,0.7505282149069019,1.0,1.0,0.031507239591163694,0.9276949506260147,0.41180059872781793
load balancer.1.192,0.062405445,0.009045837,0.001222572,0.0625,0.01398,0.0006723,227426607,21.12,1.8982,2.67,dpi.2.191,firewall.3.193,firewall.3.193,0.063670945,0.005499261,0.000460554,0.0625,0.01398,0.0006723,4164472776,23.48,1.6082,3.558,load balancer.1.192,firewall.3.194,14.211767204526199,17109330,9.605872255465547,36.928676310244946,57.796453558523446,0.38664498059660213,0.9908047147721775,1.0,0.7749531315947036,1.0,0.03761747085413384,0.9524291420762507,0.6539600374649801
nat.6.550,0.014059759,0.033876842,0.000130881,0.0625,0.02863,0.000309,1150028497,21.54,4.438,0.7858,proxy.9.549,proxy.9.551,proxy.9.551,0.016911813,0.014116872,0.00011124,0.0625,0.02863,0.000309,30789456,19.336,4.406,0.4714,nat.6.550,firewall.3.552,46.97674371719688,192299653,0.8939845375476096,38.182634554893085,8.789245209041663,9.850673614048615,1.0,0.9225600485428955,1.0,1.0,0.6725796432585621,0.9862029738974546,0.56032481833512926
cache.8.243,0.027468107,0.010121499,0.000147738,0.0625,0.01398,0.0006723,336047605,21.8,1.6296,4.4,proxy.9.242,proxy.9.244,proxy.9.244,0.013805646,0.026366775,0.000339495,0.0625,0.01398,0.0006723,448781616,22.72,1.8036,2.77,cache.8.243,firewall.3.245,14.211767204526199,17109330,3.0464930300369266,40.664600509337134,11.736424276811377,1.221354410459169,1.0,0.7651063696640943,1.0,1.0,0.5090655940891394,0.9513227478919943,0.22113997453272005
firewall.3.12710,0.000186443,0.000640687,2.46e-06,0.0006247,0.003181,1.91e-06,2850410,0.16404,0.4372,0.014306,,ips.4.12711,ips.4.12711,0.00109569,0.004152782,1.8e-06,0.0006247,0.003181,1.91e-06,451311257,0.698,0.1255,0.014306,firewall.3.12710,dpi.2.12712,11.778246415332838,685758680,7.456991399041994,40.542114889851014,46.605989216942746,2.0949015361178036,0.7850715074519252,0.8829962661175087,0.8882113821138211,1.0,0.2123685502015828,0.9185358143459952,0.4468003504799587
ids.5.584,0.085155024,0.000806293,0.000402421,0.0625,0.02863,0.000309,2097465628,14.722,3.71,0.2286,cache.8.581,load balancer.1.586,load balancer.1.586,0.044469046,0.049876857,0.000475271,0.0625,0.02863,0.000309,2440840453,15.38,4.376,0.7858,ids.5.584,proxy.9.587,46.97674371719688,192299653,7.4844452056091715,28.43176312330835,2.9860935650914655,9.335506318103551,0.866977760466605,0.7870068577095786,0.7090039786695387,1.0,0.829493031833819,0.8778991003805036,0.70643758381887789
proxy.9.341,0.110260646,0.014398253,0.000252202,0.0625,0.02863,0.000309,7781386,21.16,4.394,0.3998,firewall.3.340,load balancer.1.342,load balancer.1.342,0.083043273,0.055924557,0.000464474,0.0625,0.02863,0.000309,1436495192,16.944,4.504,2.958,proxy.9.341,load balancer.1.343,46.97674371719688,192299653,4.9507334168545025,41.83438986410362,26.581743262140836,4.971170296694755,0.659729175036877,0.7559698416565016,0.8326343347528602,1.0,0.6018714022613665,0.8523229714766095,0.73169321191108172
proxy.9.372,0.043329822,0.019142291,0.000418127,0.0625,0.02863,0.000309,38736850,10.534,4.578,0.5714,load balancer.1.371,firewall.3.373,firewall.3.373,0.040519438,0.007955059,0.000289655,0.0625,0.02863,0.000309,257346177,20.7,4.284,0.4426,proxy.9.372,proxy.9.375,46.97674371719688,192299653,8.12048573627422,13.205200127680012,26.50599270091239,4.9428276332966545,1.0,1.0,0.869504959019628,1.0,0.8838474619345869,0.9755971134346134,0.73625159104579985
proxy.9.108,0.076656869,0.027447581,0.001187364,0.0625,0.01398,0.0006723,766861936,25.84,1.764,4.144,,,load balancer.1.546,0.031256494,0.015765767,0.000265976,0.0625,0.02863,0.000309,766861936,16.674,4.566,0.6142,,,0,,,,,,0.907660792929072,0.7546672510047425,0.7831061073099741,1.0,0.8322948002549212,0.8950165511699081,0.75596935284062883
load balancer.1.546,0.031256494,0.015765767,0.000265976,0.0625,0.02863,0.000309,766861936,16.674,4.566,0.6142,load balancer.1.545,ips.4.548,ips.4.548,0.028529022,0.041397796,0.000112518,0.0625,0.02863,0.000309,38647037,8.398,4.18,0.3144,load balancer.1.546,proxy.9.549,46.97674371719688,192299653,9.542750276831796,19.87435500694497,50.954339324219134,0.9781867125648824,1.0,0.8457913556557455,1.0,1.0,0.8332284379684265,0.9705087169615089,0.32250810227056581
ids.5.298,0.050126172,0.010660828,0.000200156,0.03125,0.0498,0.0003166,97957309,0.711,6.58,0.02862,,ids.5.299,ids.5.299,0.025175634,0.022751851,0.00034635,0.03125,0.0498,0.0003166,1099042,5.286,6.592,0.014306,ids.5.298,,47.34674872870658,39308688,6.435194881247294,37.85295368430317,39.3752187321125,2.622149434213207,0.8117134099128894,1.0,0.9570521149126606,1.0,0.7221607545475239,0.9558954483224719,0.73923801813084933
ids.5.282,0.105077078,0.023448729,0.001248996,0.0625,0.01398,0.0006723,2357190483,18.92,1.7884,4.516,traffic counter.7.281,nat.6.283,nat.6.283,0.082153352,0.005564674,0.000777294,0.0625,0.01398,0.0006723,294953534,21.14,1.7608,3.558,ids.5.282,,14.211767204526199,17109330,9.706878132836955,39.85256746089295,50.14281594677613,2.0910566470316616,0.6777869159689072,0.7980971804484585,0.7015980185844519,1.0,0.027797436312102436,0.8387282451361041,0.20833960493834969
cache.8.648,0.060475439,0.025704071,1.57e-07,0.0625,0.02863,0.000309,1650130756,18.116,4.432,0.5996,proxy.9.647,firewall.3.650,firewall.3.650,0.048507726,0.016475337,0.000141219,0.0625,0.02863,0.000309,487390,21.04,4.462,0.6142,cache.8.648,load balancer.1.651,46.97674371719688,192299653,3.8636165537985367,8.87063304569225,16.88152853335294,8.87279257528796,1.0,1.0,1.0,1.0,0.7937471500276342,1.0,0.63825698366357209
ips.4.1214,0.036779134,0.006568203,2.85e-05,0.1313,0.02057,0.0001392,2849804,30.38,3.344,6.372,ids.5.1213,ips.4.1215,ips.4.1215,0.165905804,0.02522129,0.000219111,0.1313,0.02057,0.0001392,906648,31.88,3.326,4.328,ips.4.1214,firewall.3.1216,12.967425888139505,331416465,0.9613900098958683,44.910254397924014,45.74309984660142,0.6695783242483677,0.8957064696784207,0.9077904024734659,0.8176472199022413,1.0,0.6063148628257763,0.9315273980539067,0.59953269703388878
traffic counter.7.1234,0.053925761,0.001976679,0.000245128,0.1313,0.02057,0.0001392,1429179595,41.8,3.626,5.86,load balancer.1.1232,firewall.3.1235,firewall.3.1235,0.180888159,0.016665636,0.000228904,0.1313,0.02057,0.0001392,257406772,42.62,3.448,5.102,traffic counter.7.1234,nat.6.1236,12.967425888139505,331416465,4.136845236916422,25.582926381837783,30.527275316057075,8.382880674910496,0.8629314398627939,1.0,0.5879908881919191,1.0,0.42688399270258226,0.8746932981212171,0.26766034362954527
firewall.3.31,0.166160443,0.147603953,0.001435518,0.1875,0.09839,0.0008612,717319,26.56,17.676,6.788,ids.5.30,firewall.3.32,firewall.3.32,0.341303058,0.17429452,0.001703111,0.1875,0.09839,0.0008612,1301871,22.14,17.7,1.8006,firewall.3.31,dpi.2.33,28.458180391506026,3418339,8.717122171991626,42.85166233029163,51.48174237650865,6.035532364186269,0.7746825667175827,0.6155426646292347,0.5527928437780779,1.0,0.11456639945978964,0.7767563449630842,0.39951114330469029
nat.6.1299,0.012325729,0.002259245,0.000652047,0.006248,0.001554,0.0003862,4820034742,2.668,0.09326,0.15716,traffic counter.7.1298,traffic counter.7.1300,traffic counter.7.1300,0.007621326,0.00019837,0.000610374,0.006248,0.001554,0.0003862,2823481911,3.412,0.08774,0.2716,nat.6.1299,,38.803754810702806,437863928,2.8164970036670924,0.9995858097511745,56.93102110473995,2.170615677843811,0.6633559923514897,0.8439202034307922,0.6125077063216036,1.0,0.749383915847889,0.8191053741939809,0.16394167852089292
proxy.9.463,0.105663094,0.013377454,5.7e-05,0.0625,0.02863,0.000309,351604753,15.332,4.346,0.5714,ips.4.461,ids.5.465,ids.5.465,0.01409156,0.056679331,3.96e-06,0.0625,0.02863,0.000309,351701759,17.432,4.426,0.2716,proxy.9.463,cache.8.466,46.97674371719688,192299653,2.767790029714401,26.228890899099778,5.483246512388211,0.6123064542728296,0.7957513244879996,0.7525612026013504,1.0,1.0,0.7388737418305512,0.9110967603276792,0.72752782724511422
load balancer.1.618,0.060090831,0.023799448,0.00031248,0.0625,0.02863,0.000309,1094640,16.796,4.4,0.5432,ids.5.617,ips.4.619,ips.4.619,0.075841166,0.017504339,0.000560731,0.0625,0.02863,0.000309,1094687,16.26,4.382,0.9292,load balancer.1.618,load balancer.1.621,46.97674371719688,192299653,1.105905738883196,16.31106953505505,56.845857336497346,4.870798439080225,0.9120453527837376,1.0,0.7699648315530931,1.0,0.6696741449122037,0.9382040457839704,0.73472145190412053
nat.6.709,0.089834986,0.006140793,0.000462905,0.0625,0.02863,0.000309,97957843,19.41,4.584,0.4426,cache.8.708,nat.6.710,nat.6.710,0.035171286,0.044548232,0.00055357,0.0625,0.02863,0.000309,4631874509,10.84,4.334,0.7286,nat.6.709,cache.8.711,46.97674371719688,192299653,4.389020927849614,24.18346429529827,20.728966573534834,5.905674889493459,0.8478600197032368,0.8213371071606164,0.6128592814208762,1.0,0.75267366333986,0.8536474409087738,0.68960982435635954
proxy.9.604,0.023566789,0.000483873,0.000198092,0.0625,0.02863,0.000309,38759121,19.654,4.34,0.586,load balancer.1.603,nat.6.605,nat.6.605,0.041070748,0.013936346,0.000185059,0.0625,0.02863,0.000309,734320642,17.872,4.34,0.4426,proxy.9.604,proxy.9.606,46.97674371719688,192299653,3.1356688745081884,41.0794972385292,4.293583256627656,2.0484705709430684,1.0,1.0,1.0,1.0,0.6655432038006579,1.0,0.73413284283621616
cache.8.1290,0.001228699,0.001286339,3.75e-06,0.006248,0.0009327,1.91e-06,294994014,0.11902,0.07,0.014306,,nat.6.1291,nat.6.1291,0.008708858,0.000192293,1.2e-06,0.006248,0.0009327,1.91e-06,3772780696,0.2934,0.0597,0.09994,cache.8.1290,ids.5.1292,10.200370357332838,384861629,9.556201952429927,25.217791403740247,9.540198796455392,8.087940452883176,0.8587152299417444,0.8625405122599874,0.7546666666666666,1.0,0.005967073971003128,0.902393429253457,0.36650861214905706
proxy.9.108,0.076656869,0.027447581,0.001187364,0.0625,0.01398,0.0006723,766861936,25.84,1.764,4.144,,ips.4.109,ips.4.109,0.055754512,0.024366724,0.001015454,0.0625,0.01398,0.0006723,376751173,26.9,1.6236,2.386,proxy.9.108,proxy.9.110,14.211767204526199,17109330,5.104389898403904,4.391771470249428,39.95904201578817,4.106994827995042,0.907660792929072,0.5415338810859959,0.614140304821629,1.0,0.7192698569409974,0.791908583244517,0.38271108518952479
cache.8.485,0.109940186,0.041360679,0.000570286,0.0625,0.02863,0.000309,6571231,19.824,4.382,0.972,firewall.3.484,proxy.9.486,proxy.9.486,0.063398109,0.036554434,0.000601711,0.0625,0.02863,0.000309,257348892,15.674,4.34,0.3856,cache.8.485,traffic counter.7.488,46.97674371719688,192299653,1.885343147248023,0.42252268511058233,19.232221125190872,3.285659825870515,0.7771623816294173,0.7377094277454023,0.5276844818071911,1.0,0.670120868748779,0.7960355852684275,0.71671781179665595
load balancer.1.12829,0.110540578,0.106167062,0.00067398,0.1062,0.06677,0.0008221,400941444,29.5,10.034,2.328,ids.5.12828,firewall.3.12830,firewall.3.12830,0.144302737,0.053553862,0.001476048,0.1062,0.06677,0.0008221,6640099,27.98,10.084,0.9292,load balancer.1.12829,firewall.3.12831,8.751459086162278,752760242,2.6053954229199308,34.43331930762057,55.468982015570056,9.21959007943471,0.8483429737992447,0.8144572277982035,0.7784801036280663,1.0,0.5236306502013007,0.8967089299080954,0.32666758741854873
dpi.2.232,0.059385545,0.023450428,0.000995208,0.0625,0.01398,0.0006723,367886060,20.84,1.7884,5.158,nat.6.231,cache.8.233,cache.8.233,0.06610255,0.007591328,0.000894871,0.0625,0.01398,0.0006723,336061913,16.87,1.77,4.614,dpi.2.232,proxy.9.234,14.211767204526199,17109330,0.25829519687287417,39.513940564725225,30.368500337939366,2.4812127130949833,0.9727502948070839,0.7980755830980995,0.7134093218790576,1.0,0.6315367178386292,0.8978343726882222,0.43412716603299217
cache.8.12893,0.188818887,0.019419753,0.000383349,0.1062,0.06677,0.0008221,257395978,13.282,10.45,1.471,proxy.9.12892,nat.6.12894,nat.6.12894,0.14479617,0.076129588,0.000255474,0.1062,0.06677,0.0008221,3829942,15.406,9.986,1.4008,cache.8.12893,load balancer.1.12895,8.751459086162278,752760242,9.233399455177114,22.25519715101113,59.03288485481954,4.485306401653444,0.6479442744778957,0.9385285784023947,1.0,1.0,0.07389076090583883,0.9078748720908478,0.33470782878853034
load balancer.1.165,0.008367656,0.010650559,0.000843899,0.0625,0.01398,0.0006723,1335834,15.65,1.886,3.54,proxy.9.164,dpi.2.166,dpi.2.166,0.108282093,0.026276182,0.001113081,0.0625,0.01398,0.0006723,5781906,19.36,1.7792,3.498,load balancer.1.165,traffic counter.7.167,14.211767204526199,17109330,9.323341488146392,33.359947199404125,33.602579512894856,2.1982701725634812,0.788598041783326,0.7660203830221606,0.7003292428688663,1.0,0.0641678267345624,0.8569688609187993,0.43073480077397575
traffic counter.7.133,0.071693481,0.020690926,0.000712358,0.0625,0.01398,0.0006723,1271376,20.1,1.7762,4.328,ids.5.132,firewall.3.134,firewall.3.134,0.099747391,0.007451037,0.001202023,0.0625,0.01398,0.0006723,16908993,23.98,1.764,4.528,traffic counter.7.133,nat.6.135,14.211767204526199,17109330,1.5489403822026737,49.582699539046345,51.39111764842227,5.006430769167531,0.7491748266025539,0.8378292494014044,0.7515370699641368,1.0,0.5697686730954019,0.8747670514521662,0.40655023802543511
traffic counter.7.58,0.105668224,0.157327586,0.000584273,0.0625,0.1224,0.0005941,1437072475,7.52,23.74,0.014306,proxy.9.57,dpi.2.59,dpi.2.59,0.104751123,0.223509109,0.00063654,0.0625,0.1224,0.0005941,294973335,2.152,23.76,0.18578,traffic counter.7.58,,13.939986222387525,3418390,3.3742055408455283,13.32466109154148,58.61730964639582,8.797918845560138,0.5940631236236952,0.6628116045221879,0.9666635246803028,1.0,0.5259179699566074,0.8302736298130057,0.63652626370487564
nat.6.728,0.085389692,0.036681862,0.000505149,0.0625,0.02863,0.000309,6565169,18.848,4.456,0.5996,traffic counter.7.725,dpi.2.730,dpi.2.730,0.068163005,0.051754,0.000209403,0.0625,0.02863,0.000309,1390936667,18.628,4.352,0.7996,nat.6.728,traffic counter.7.731,46.97674371719688,192299653,5.761387298997967,47.33278723395117,38.77280667639392,0.7560556473815305,0.8244290666043894,0.666844343316863,0.8058503530641454,1.0,0.34245611498963524,0.8628765298087586,0.70825519953891125
cache.8.420,0.023129078,0.019774384,0.000267015,0.0625,0.02863,0.000309,1269761,8.642,4.364,0.4288,load balancer.1.419,ips.4.421,ips.4.421,0.072078986,0.027730575,0.000107709,0.0625,0.02863,0.000309,4820453791,19.776,4.322,0.3856,cache.8.420,traffic counter.7.422,46.97674371719688,192299653,6.383938909303034,48.68208364364276,42.80991299267676,0.2531123718160788,0.9335521590162215,1.0,1.0,1.0,0.3083500777240006,0.9882761740683468,0.73712086710256752
load balancer.1.12814,0.090892862,0.055243431,0.000841269,0.1062,0.06677,0.0008221,351613855,25.58,10.07,1.4434,firewall.3.12813,firewall.3.12815,firewall.3.12815,0.108066555,0.111944989,0.000574725,0.1062,0.06677,0.0008221,370137749,34.18,10.108,2.356,load balancer.1.12814,cache.8.12816,8.751459086162278,752760242,1.8092550533529639,29.472355580039377,52.877937544030324,6.4276750456921485,0.9913638636856704,0.7982268371119319,0.9886070923806773,1.0,0.5735477287312749,0.9564782787852186,0.72971898504932153
ips.4.1244,0.029041085,0.013420748,0.000263765,0.1313,0.02057,0.0001392,38673978,34.82,3.516,5.744,firewall.3.1243,ips.4.1245,ips.4.1245,0.127907167,0.025349783,4.27e-05,0.1313,0.02057,0.0001392,257413113,37.06,3.308,4.516,ips.4.1244,ips.4.1246,12.967425888139505,331416465,9.119625153500714,9.933285368562972,48.10539418334188,6.006242774195351,1.0,0.90572339416081,0.7638712490284912,1.0,0.7176780057462292,0.9355687839344811,0.51464236134713337
load balancer.1.169,0.115618032,0.02416329,0.000969208,0.0625,0.01398,0.0006723,182814928,24.9,1.9196,3.76,proxy.9.168,traffic counter.7.170,traffic counter.7.170,0.064253059,0.021265636,0.00045241,0.0625,0.01398,0.0006723,277433550,20.84,1.764,3.442,load balancer.1.169,ips.4.171,14.211767204526199,17109330,4.475542711711119,18.916581558412254,26.271532456039605,9.08688709151275,0.756644725770612,0.617981114607408,0.8468295763138562,1.0,0.4157833051947,0.8426171250525863,0.9272344216424433
dpi.2.12811,0.146502157,0.051894169,0.000768578,0.1062,0.06677,0.0008221,17503788,38.28,10.302,2.442,dpi.2.12810,cache.8.12812,cache.8.12812,0.052773961,0.114623635,0.000475936,0.1062,0.06677,0.0008221,431035533,39.56,10.218,1.828,dpi.2.12811,firewall.3.12813,8.751459086162278,752760242,5.289703173047613,30.500895740631883,30.267291176542713,8.056182094566761,0.8624520013039808,0.7912575578326406,1.0,1.0,0.3763180434746774,0.9340999042110766,0.86260406419920388
firewall.3.302,0.048953393,0.016887776,4.81e-06,0.0625,0.01709,2.29e-05,336048559,13.842,0.9064,0.7142,,,proxy.9.647,6.19e-05,0.005571171,0.000237813,0.0625,0.02863,0.000309,336048559,13.476,4.498,1.4572,,,0,,,,,,1.0,1.0,1.0,1.0,0.9294855032401271,1.0,0.78586897489925223
ids.5.1207,0.144502823,0.004120101,0.000201795,0.1313,0.02057,0.0001392,927770497,30.62,3.57,5.902,proxy.9.1206,nat.6.1208,nat.6.1208,0.245086541,0.037304417,9.39e-05,0.1313,0.02057,0.0001392,257498617,32.96,3.272,5.798,ids.5.1207,traffic counter.7.1209,12.967425888139505,331416465,1.6168013820371274,20.565249116192486,19.319196962191228,8.49072658615441,0.7221809500951761,0.7757046169626509,0.8449044822716123,1.0,0.5629142102095659,0.8749658154928093,0.53536768036471649
nat.6.680,0.086364005,0.002383256,0.000524358,0.0625,0.02863,0.000309,1438531849,19.874,4.444,0.3856,ids.5.679,proxy.9.681,proxy.9.681,0.029541592,0.015349838,0.00028705,0.0625,0.02863,0.000309,207836433,10.462,4.426,0.3284,nat.6.680,firewall.3.682,46.97674371719688,192299653,3.8200784256065323,21.035471552058997,52.97125305942836,6.197640661230773,0.8618405607752906,1.0,0.7946460242811209,1.0,0.7176346614816317,0.9347644449217752,0.7330750346617565
ids.5.132,0.065810436,0.013604614,0.001015934,0.0625,0.01398,0.0006723,318350764,21.16,1.7608,3.674,ips.4.131,traffic counter.7.133,traffic counter.7.133,0.071693481,0.020690926,0.000712358,0.0625,0.01398,0.0006723,1271376,20.1,1.7762,4.328,ids.5.132,firewall.3.134,14.211767204526199,17109330,8.717122171991626,42.85166233029163,51.48174237650865,6.035532364186269,0.9107321246123761,0.8378292494014044,0.802761312484204,1.0,0.11908595182815114,0.9178131067400249,0.55185916848298944
traffic counter.7.719,0.118130897,0.008235279,0.000432793,0.0625,0.02863,0.000309,351642813,19.726,4.346,0.586,dpi.2.718,traffic counter.7.720,traffic counter.7.720,0.113697428,0.047535309,0.000409925,0.0625,0.02863,0.000309,3602570805,25.98,4.346,0.357,traffic counter.7.719,traffic counter.7.721,46.97674371719688,192299653,4.224717170942047,3.8659346974801,31.528502599091617,8.129009307905491,0.5393893620194941,0.8011445660319574,0.73388180570594,1.0,0.7162451520201141,0.803774554573225,0.70153588818912005
nat.6.12861,0.050921942,0.016323077,0.001441012,0.1062,0.06677,0.0008221,854224858,32.96,10.242,1.4572,load balancer.1.12860,ips.4.12862,ips.4.12862,0.208284953,0.072644491,0.001480875,0.1062,0.06677,0.0008221,317330957,39.12,10.07,1.2864,nat.6.12861,ips.4.12863,8.751459086162278,752760242,7.170665073191995,26.786948748977764,12.021775638809249,3.881388241603797,0.7549392034094753,0.9595668513941408,0.5628233020741544,1.0,0.2423606818407469,0.8399240045062661,0.46644474012797232
cache.8.386,0.095025568,0.021375018,0.000438327,0.0625,0.02863,0.000309,3890244170,18.482,4.388,0.4142,load balancer.1.385,ids.5.387,ids.5.387,0.083459801,0.008903581,0.000174334,0.0625,0.02863,0.000309,336021540,9.534,4.456,0.5288,cache.8.386,ips.4.388,46.97674371719688,192299653,3.0570403244663114,10.44917188080855,46.498209685846014,9.795529248674423,0.7032906182569438,1.0,0.8524765757071775,1.0,0.7066904871427702,0.9097884049273145,0.73264341418725731
firewall.3.12668,0.149099422,0.041176321,0.000101666,0.1772,0.02332,8.2e-05,6565055,27.58,1.1764,3.76,,traffic counter.7.12669,traffic counter.7.12669,0.102583333,0.012455466,0.00016019,0.1772,0.02332,8.2e-05,317330973,18.334,1.175,1.1718,firewall.3.12668,ids.5.12671,45.21598847751749,516580766,3.2859903556816707,41.26380807819861,49.37296347949839,7.921090332655346,1.0,0.7831724572965126,0.6592273970412894,1.0,0.5938759773509944,0.8831600944531223,0.73808149835847447
proxy.9.551,0.016911813,0.014116872,0.00011124,0.0625,0.02863,0.000309,30789456,19.336,4.406,0.4714,nat.6.550,firewall.3.552,firewall.3.552,0.074767779,0.050093429,9.58e-05,0.0625,0.02863,0.000309,3349108012,15.772,4.492,0.3144,proxy.9.551,ips.4.554,46.97674371719688,192299653,1.4161254546520141,8.761907581427902,58.03884118410093,9.686555011748583,0.9179607903024644,0.785766023324137,1.0,1.0,0.67352836559962,0.9430974869518446,0.75317210448165128
ids.5.12796,0.111072087,0.067801104,0.001007786,0.1062,0.06677,0.0008221,3571937688,16.65,10.144,0.885,cache.8.12795,nat.6.12797,nat.6.12797,0.059463099,0.051970795,0.001346774,0.1062,0.06677,0.0008221,2850405,13.598,10.058,1.3566,ids.5.12796,cache.8.12798,8.751459086162278,752760242,0.04504873185142921,16.773491434132065,39.45433005739062,6.046902149905632,0.9780679055755925,0.9923961120161111,0.7130851130777958,1.0,0.649114450822636,0.9327715495824118,0.18614815084251091
nat.6.207,0.064250773,0.008841545,3.47e-05,0.0625,0.01398,0.0006723,294963309,26.36,1.6724,4.358,load balancer.1.206,cache.8.208,cache.8.208,0.098784851,0.014151721,0.000333624,0.0625,0.01398,0.0006723,318360092,24.68,1.6662,3.058,nat.6.207,ips.4.209,14.211767204526199,17109330,8.66256741854556,46.988881134855006,49.66892433286212,2.07912820440466,0.802719522890776,0.993932858060161,1.0,1.0,0.12421485917972992,0.9597129585569683,0.36398767652752828
cache.8.12879,0.097696744,0.042874753,0.001476148,0.1062,0.06677,0.0008221,4820150108,44.68,10.034,1.3138,traffic counter.7.12878,traffic counter.7.12880,traffic counter.7.12880,0.102586995,0.100904059,0.001009362,0.1062,0.06677,0.0008221,353712197,20.7,10.07,0.7432,cache.8.12879,nat.6.12881,8.751459086162278,752760242,4.500025865807179,0.49375935825700656,56.91944519729887,1.0031663023387516,1.0,0.8308588408718027,0.6856986813621084,1.0,0.7108797450081655,0.9006384984107153,0.42263898809190437
proxy.9.452,0.052451288,0.017084045,5.18e-06,0.0625,0.02863,0.000309,1338920,16.894,4.388,0.2858,load balancer.1.451,dpi.2.453,dpi.2.453,0.098600159,0.031665538,0.000496576,0.0625,0.02863,0.000309,317302940,19.214,4.572,0.2858,proxy.9.452,load balancer.1.454,46.97674371719688,192299653,2.4562112874759023,25.43321032511986,14.537844905328825,7.4565583682182135,0.8169366085910672,0.9520687442607165,0.8111306225028998,1.0,0.7253029894660378,0.9220447204306906,0.71718164524216843
firewall.3.1190,0.028759031,0.014325339,1.08e-06,0.04376,0.0101,1.91e-05,336051750,13.038,2.026,0.1999,traffic counter.7.1189,cache.8.1191,cache.8.1191,0.033274817,0.019375525,3.05e-05,0.04376,0.0101,1.91e-05,257500428,12.67,2.032,0.2144,firewall.3.1190,,16.064737142578284,307306810,5.16786688877521,37.529865955642585,15.892247813668646,4.147489838827411,1.0,0.6131602974406836,0.8131147540983606,1.0,0.0059662157820075164,0.8745420452353067,0.2859426104238969
proxy.9.12892,0.033772304,0.108006357,0.000569541,0.1062,0.06677,0.0008221,600826095,10.388,10.18,0.8712,ids.5.12891,cache.8.12893,cache.8.12893,0.188818887,0.019419753,0.000383349,0.1062,0.06677,0.0008221,257395978,13.282,10.45,1.471,proxy.9.12892,nat.6.12894,8.751459086162278,752760242,1.0294962227455273,27.828335046639417,48.46072232742355,7.84418552803413,0.7812218673866032,0.8091021762728281,1.0,1.0,0.6032409838518142,0.9208125827490625,0.4010039453427745
dpi.2.33,0.074596336,0.023315082,0.000620645,0.1875,0.09839,0.0008612,124596184,26.7,17.724,1.1994,firewall.3.32,dpi.2.34,dpi.2.34,0.008961529,0.187311532,0.001548799,0.1875,0.09839,0.0008612,2274895763,27.0,17.75,7.946,dpi.2.33,proxy.9.35,28.458180391506026,3418339,5.486476108977114,14.799127590952493,18.873235746614544,6.069580973695066,1.0,0.7626373265688735,0.7780218737228006,1.0,0.8044411760031789,0.9095663419169481,-0.47298101710450191
ips.4.526,0.03310413,0.021499145,0.000515828,0.0625,0.02863,0.000309,317496418,6.286,4.468,0.243,nat.6.524,traffic counter.7.527,traffic counter.7.527,0.072800921,0.048888672,0.00033141,0.0625,0.02863,0.000309,628339360,15.966,4.438,0.5432,ips.4.526,nat.6.528,46.97674371719688,192299653,8.720204634126638,29.857070982691823,49.52854519336746,2.441320953145476,0.9292528112384733,0.7928081171851017,0.7657083599467884,1.0,0.7636686904546762,0.9031448055347115,0.73941994035486047
traffic counter.7.706,0.049685888,0.048627424,6.05e-05,0.0625,0.02863,0.000309,1094229,15.966,4.474,0.343,nat.6.705,cache.8.708,cache.8.708,0.054736586,0.055062213,0.000479054,0.0625,0.02863,0.000309,318359916,17.578,4.474,2.328,traffic counter.7.706,nat.6.709,46.97674371719688,192299653,4.750753550644454,16.630400683551965,56.09465095936267,4.198829467148309,1.0,0.5543598653216167,0.822510614669745,1.0,0.6997052677294794,0.8547407702290641,0.38395092248099627
ips.4.541,0.044275345,0.024410586,0.000541863,0.0625,0.02863,0.000309,1271016,18.58,4.45,0.6432,traffic counter.7.540,proxy.9.543,proxy.9.543,0.074479038,0.032873166,0.000151794,0.0625,0.02863,0.000309,8055083,27.54,4.456,0.9568,ips.4.541,load balancer.1.545,46.97674371719688,192299653,3.0472059684361774,1.6395847856720158,57.004117737040986,6.673636587709501,0.9195811444288526,0.9354615554826693,0.7851274215069123,1.0,0.6964407805767064,0.9331083781836609,0.73865993151538345
nat.6.12759,0.15947908,0.034315051,5.15e-07,0.125,0.05566,0.0001926,4820275344,29.68,7.154,0.04292,dpi.2.12758,traffic counter.7.12760,traffic counter.7.12760,0.148004527,0.017530955,0.000225725,0.125,0.05566,0.0001926,16915968,34.72,7.226,0.02862,nat.6.12759,,23.356712080241554,752502434,1.8544545911927646,34.1885593324039,18.71588054900959,4.761034850711159,0.8141853119887372,1.0,0.9266253184184294,1.0,0.5648038884255204,0.9512626207452782,0.72981835403005912
nat.6.738,0.07357416,0.022099402,6.56e-05,0.0625,0.09937,0.0004549,567917,1.0788,18.798,0.02862,,nat.6.739,nat.6.739,0.052297612,0.061580738,0.000443645,0.0625,0.09937,0.0004549,1706180935,7.36,18.75,0.02862,nat.6.738,,25.39925342056265,209193844,2.7286372213925403,9.347473844118193,46.92393510600509,5.875183273951185,0.9247415125092832,1.0,1.0,1.0,0.8587131815006086,0.9866176385145035,0.71288574832606666
cache.8.16,0.279679579,0.087019899,5.94e-05,0.1875,0.09839,0.0008612,7753127,22.82,17.724,6.072,,,dpi.2.87,0.105111116,0.000268645,0.000118021,0.1875,0.0159,7.06e-05,7753127,11.426,2.326,3.826,,,0,,,,,,0.8352050240321622,1.0,0.7990993128341566,1.0,0.8443788762584072,0.9304172401436671,0.75096964810288669
ips.4.12749,0.002739041,0.009955222,7.15e-06,0.0125,0.02332,3.82e-06,487535,5.402,4.932,1.1292,cache.8.12748,proxy.9.12750,proxy.9.12750,0.004100932,0.011444215,5.17e-07,0.0125,0.02332,3.82e-06,84908930,2.066,4.888,1.7272,ips.4.12749,,33.939156914196055,740213574,1.3509537424998386,25.638235332751446,6.798282651533509,2.581795430774795,1.0,1.0,0.7671328671328671,1.0,0.6892642916445795,0.9518438177874187,0.32937040479147428
ips.4.7,0.08937441,0.122672947,0.000674054,0.0625,0.08813,0.0004702,5655258253,3.248,16.236,0.12856,,,load balancer.1.432,0.028271621,0.040099784,0.000336154,0.0625,0.02863,0.000309,5655258253,19.654,3.992,0.4998,,,0,,,,,,0.8496526578469161,0.7161916192074537,0.808395885805535,1.0,0.8618128595168278,0.8810257563905864,0.76253999923425586
ids.5.12911,0.1883707,0.094379633,8.67e-06,0.1062,0.06677,0.0008221,6955706,43.06,10.046,1.1994,nat.6.12910,load balancer.1.12913,load balancer.1.12913,0.033915661,0.11849692,0.000578074,0.1062,0.06677,0.0008221,2994651170,22.02,10.206,1.329,ids.5.12911,traffic counter.7.12915,8.751459086162278,752760242,3.8975793760413078,21.885767764699903,21.852138898110297,7.518051705442257,0.7818909734900386,0.6354682598228198,1.0,1.0,0.45262744320323595,0.8755809140064686,0.35700350611038978
dpi.2.218,0.08823007,0.017510465,0.001260999,0.0625,0.01398,0.0006723,336051848,21.32,1.6296,4.87,cache.8.217,firewall.3.219,firewall.3.219,0.058671595,0.016111445,0.000228369,0.0625,0.01398,0.0006723,967306076,20.72,1.709,2.53,dpi.2.218,proxy.9.220,14.211767204526199,17109330,4.848407706631964,7.077746032724525,35.49009484855474,9.9789158391437,0.8541876369360242,0.8330429336292389,0.7665743589011569,0.001,0.003982976459179672,0.0019975525811472008,-0.11968453690601022
ids.5.214,0.0920517,0.001797438,0.000720814,0.0625,0.01398,0.0006723,7195364,18.652,1.889,3.802,nat.6.213,cache.8.215,cache.8.215,0.103967513,0.022716815,6e-05,0.0625,0.01398,0.0006723,6566950,24.78,1.825,4.028,ids.5.214,traffic counter.7.216,14.211767204526199,17109330,0.49096566071483827,28.02461962131969,35.430407563111224,1.3165321503471672,0.6400577995204757,0.8077015858076935,0.9663477679401344,1.0,0.6167908169649713,0.8778007621007874,0.45884549041646605
cache.8.12672,0.237167216,0.043463925,1.3e-05,0.1772,0.02332,8.2e-05,227428503,21.98,1.1764,2.872,ids.5.12671,dpi.2.12673,dpi.2.12673,0.324916193,0.035377264,0.000139098,0.1772,0.02332,8.2e-05,277452057,21.34,1.2208,2.286,cache.8.12672,cache.8.12674,45.21598847751749,516580766,1.053928606072334,41.28404052412982,58.26876118197944,4.19671736081057,0.6462617862639819,0.5978586684630856,0.7947562150426318,1.0,0.6018214053088685,0.802327375327258,0.61340570702326724
load balancer.1.1228,0.082298695,0.02210395,3.32e-05,0.1313,0.02057,0.0001392,4795997176,32.56,3.486,4.272,ids.5.1227,ips.4.1230,ips.4.1230,0.173626151,0.036420015,1.23e-05,0.1313,0.02057,0.0001392,1438166498,42.18,3.522,6.604,load balancer.1.1228,ips.4.1231,12.967425888139505,331416465,6.612661353286816,19.264905820196994,54.39878241032386,5.063069190976663,0.8781112443136518,0.7477011146765898,1.0,1.0,0.26125731715316824,0.9264634060894612,0.8603532766671198
